{"groups":{"1097494869":1097494869,"1090739896":1090739896,"177094072":177094072,"1078780445":1078780445,"1071656196":1071656196,"1069219295":1069219295,"1059310921":1059310921},"1090739896":{"long_id":"$05000000b85e0341559853e1236fe7ed","moderators":[],"group_type":"SuperGroup","settings":{"lock_photo":"no","lock_spam":"yes","public":"no","lock_fwd":"no","lock_tgservice":"yes","lock_emoji":"no","lock_contact":"no","lock_rtl":"no","lock_badword":"no","lock_english":"no","lock_ads":"no","lock_audio":"no","lock_video":"no","lock_reply":"no","set_name":"ادمین","lock_tag":"no","lock_sticker":"no","lock_media":"no","strict":"no","lock_arabic":"no","lock_link":"no","flood":"yes","member":"no"},"set_owner":231216244},"177094072":{"long_id":"$02000000b83d8e0a0000000000000000","moderators":[],"group_type":"Group","settings":{"flood":"yes","lock_photo":"no","lock_name":"yes","lock_member":"no","set_name":"تست"},"set_owner":68581726},"1078780445":{"long_id":"$050000001de24c40bdfb5f2c1024cba3","moderators":[],"group_type":"SuperGroup","settings":{"lock_photo":"no","lock_spam":"yes","public":"no","lock_fwd":"no","lock_tgservice":"yes","lock_emoji":"no","lock_contact":"no","lock_rtl":"no","lock_badword":"no","lock_english":"no","lock_ads":"no","lock_video":"no","set_name":"═हई╬вℓαcк↭قلب↭тєαм╬ईह═ → F ←","lock_reply":"no","lock_sticker":"no","lock_tag":"no","lock_media":"no","lock_audio":"no","strict":"no","lock_arabic":"no","lock_link":"no","flood":"yes","member":"no"},"set_owner":"217526520"},"1071656196":{"long_id":"$05000000042de03fed559ed22b3efc4c","group_type":"SuperGroup","moderators":{"265801248":"(at)xXx_AliDarK_xXx"},"rules":":)","settings":{"lock_photo":"no","lock_spam":"yes","public":"no","lock_fwd":"no","lock_tgservice":"yes","lock_emoji":"no","lock_contact":"no","flood_msg_max":"5","lock_ads":"no","lock_badword":"no","lock_english":"no","lock_audio":"no","lock_video":"no","set_name":"تست","lock_reply":"no","lock_rtl":"no","lock_tag":"no","lock_sticker":"no","lock_media":"no","strict":"no","lock_arabic":"no","lock_link":"yes","flood":"yes","member":"no"},"set_owner":"292633940"},"1097494869":{"long_id":"$0500000055716a417e0c2a20b0aba6b8","moderators":[],"group_type":"SuperGroup","settings":{"lock_photo":"no","lock_spam":"yes","public":"no","lock_fwd":"no","lock_tgservice":"yes","lock_emoji":"no","lock_contact":"no","flood_msg_max":"7","lock_rtl":"no","lock_badword":"no","lock_english":"no","lock_video":"no","set_name":"♚ ڳـ✞ـ\u200cښڸطNٺې\u200cـ✞ـٵڒد ♚","lock_ads":"no","lock_reply":"no","lock_sticker":"no","lock_tag":"no","lock_media":"no","lock_audio":"no","strict":"no","lock_arabic":"no","lock_link":"no","flood":"yes","member":"no"},"set_owner":"211216899"},"1069219295":{"long_id":"$05000000dffdba3f029183c2da495918","group_type":"SuperGroup","moderators":[],"settings":{"lock_media":"no","lock_spam":"yes","public":"no","lock_fwd":"no","strict":"no","lock_emoji":"no","lock_contact":"no","flood_msg_max":"6","lock_photo":"no","lock_badword":"no","lock_english":"no","lock_audio":"no","lock_rtl":"no","lock_tgservice":"yes","lock_reply":"no","lock_video":"no","lock_tag":"no","set_name":"🚩پادشاهی🍃","lock_ads":"no","lock_sticker":"no","lock_arabic":"no","lock_link":"yes","flood":"yes","member":"no"},"set_owner":"231216244"},"1059310921":{"long_id":"$0500000049cd233fe81e11133b44cba0","moderators":[],"group_type":"SuperGroup","settings":{"lock_photo":"no","lock_spam":"yes","public":"no","lock_fwd":"no","lock_tgservice":"yes","lock_emoji":"no","lock_contact":"no","flood_msg_max":"7","lock_rtl":"no","lock_badword":"no","lock_english":"no","lock_video":"no","set_name":"Aniiineeha","lock_ads":"no","lock_reply":"no","lock_sticker":"no","lock_tag":"no","lock_media":"no","lock_audio":"no","strict":"no","lock_arabic":"no","lock_link":"yes","flood":"yes","member":"no"},"set_owner":207850002}}